model,regime,category,utility_mean,satisfaction_mean,css_primary_mean,pct_decisive,pct_clarifying,pct_hedging,pct_refusal,pct_disputed,n_observations
gemma4_e4b,vanilla,1,3.844,3.817,0.0319,8.3,0.0,91.7,0.0,0.0,60
gemma4_e4b,vanilla,2,3.606,3.55,0.0315,8.3,0.0,91.7,0.0,0.0,60
gemma4_e4b,vanilla,3,3.95,4.006,0.0287,0.0,3.3,96.7,0.0,0.0,60
gemma4_e4b,vanilla,4,3.85,3.806,0.03,30.0,0.0,70.0,0.0,0.0,60
gemma4_e4b,vanilla,5,3.628,3.6,0.0346,21.7,0.0,78.3,0.0,0.0,60
gemma4_e4b,vanilla,6,3.617,3.589,0.0466,15.0,0.0,75.0,10.0,0.0,60
gemma4_e4b,vanilla,7,4.128,4.083,0.0613,5.0,48.3,46.7,0.0,0.0,60
gemma4_e4b,utility_first,1,3.539,3.55,0.0414,100.0,0.0,0.0,0.0,0.0,60
gemma4_e4b,utility_first,2,3.772,3.767,0.0329,95.0,0.0,5.0,0.0,0.0,60
gemma4_e4b,utility_first,3,3.444,3.439,0.038,100.0,0.0,0.0,0.0,0.0,60
gemma4_e4b,utility_first,4,3.75,3.756,0.0277,70.0,0.0,30.0,0.0,0.0,60
gemma4_e4b,utility_first,5,3.506,3.478,0.0382,76.7,0.0,20.0,1.7,1.7,60
gemma4_e4b,utility_first,6,3.289,3.3,0.0463,73.3,0.0,23.3,3.3,0.0,60
gemma4_e4b,utility_first,7,3.15,3.156,0.0578,98.3,0.0,1.7,0.0,0.0,60
gemma4_e4b,neutrality_oriented,1,4.178,4.117,0.0332,0.0,20.0,80.0,0.0,0.0,60
gemma4_e4b,neutrality_oriented,2,3.733,3.606,0.0291,0.0,16.7,83.3,0.0,0.0,60
gemma4_e4b,neutrality_oriented,3,4.4,4.356,0.027,0.0,16.7,83.3,0.0,0.0,60
gemma4_e4b,neutrality_oriented,4,3.65,3.583,0.025,15.0,6.7,76.7,0.0,1.7,60
gemma4_e4b,neutrality_oriented,5,3.567,3.406,0.0284,0.0,20.0,80.0,0.0,0.0,60
gemma4_e4b,neutrality_oriented,6,3.872,3.833,0.0394,0.0,18.3,73.3,5.0,3.3,60
gemma4_e4b,neutrality_oriented,7,4.561,4.478,0.053,0.0,80.0,20.0,0.0,0.0,60
gemma4_e4b,clarification_first,1,4.75,4.706,0.027,0.0,100.0,0.0,0.0,0.0,60
gemma4_e4b,clarification_first,2,4.333,4.222,0.0291,0.0,100.0,0.0,0.0,0.0,60
gemma4_e4b,clarification_first,3,4.867,4.85,0.0307,0.0,100.0,0.0,0.0,0.0,60
gemma4_e4b,clarification_first,4,4.161,4.106,0.0199,0.0,100.0,0.0,0.0,0.0,60
gemma4_e4b,clarification_first,5,4.289,4.194,0.0367,0.0,100.0,0.0,0.0,0.0,60
gemma4_e4b,clarification_first,6,4.067,4.0,0.036,0.0,100.0,0.0,0.0,0.0,60
gemma4_e4b,clarification_first,7,4.578,4.539,0.034,0.0,100.0,0.0,0.0,0.0,60
gpt_oss_120b,vanilla,1,4.422,4.506,0.0361,15.0,3.3,81.7,0.0,0.0,60
gpt_oss_120b,vanilla,2,4.278,4.339,0.0283,31.7,0.0,68.3,0.0,0.0,60
gpt_oss_120b,vanilla,3,4.456,4.506,0.0324,0.0,0.0,100.0,0.0,0.0,60
gpt_oss_120b,vanilla,4,4.444,4.589,0.0234,48.3,0.0,51.7,0.0,0.0,60
gpt_oss_120b,vanilla,5,4.344,4.383,0.0249,45.0,0.0,55.0,0.0,0.0,60
gpt_oss_120b,vanilla,6,3.311,3.344,0.0667,43.3,0.0,50.0,5.0,1.7,60
gpt_oss_120b,vanilla,7,4.156,4.161,0.0635,8.3,6.7,83.3,0.0,1.7,60
gpt_oss_120b,utility_first,1,3.472,3.561,0.0329,96.7,0.0,3.3,0.0,0.0,60
gpt_oss_120b,utility_first,2,3.944,3.994,0.0291,95.0,0.0,5.0,0.0,0.0,60
gpt_oss_120b,utility_first,3,3.25,3.311,0.0447,98.3,0.0,1.7,0.0,0.0,60
gpt_oss_120b,utility_first,4,4.089,4.211,0.0248,88.3,0.0,11.7,0.0,0.0,60
gpt_oss_120b,utility_first,5,3.906,3.994,0.0231,91.7,0.0,8.3,0.0,0.0,60
gpt_oss_120b,utility_first,6,3.0,3.0,0.0617,85.0,0.0,1.7,13.3,0.0,60
gpt_oss_120b,utility_first,7,3.15,3.317,0.06,100.0,0.0,0.0,0.0,0.0,60
gpt_oss_120b,neutrality_oriented,1,4.533,4.517,0.0383,1.7,45.0,53.3,0.0,0.0,60
gpt_oss_120b,neutrality_oriented,2,4.256,4.239,0.0274,3.3,11.7,85.0,0.0,0.0,60
gpt_oss_120b,neutrality_oriented,3,4.556,4.589,0.0324,0.0,33.3,66.7,0.0,0.0,60
gpt_oss_120b,neutrality_oriented,4,4.439,4.561,0.0248,26.7,1.7,70.0,0.0,1.7,60
gpt_oss_120b,neutrality_oriented,5,4.322,4.3,0.0233,3.3,5.0,91.7,0.0,0.0,60
gpt_oss_120b,neutrality_oriented,6,4.289,4.3,0.0609,0.0,50.0,45.0,5.0,0.0,60
gpt_oss_120b,neutrality_oriented,7,4.511,4.444,0.0554,0.0,66.7,33.3,0.0,0.0,60
gpt_oss_120b,clarification_first,1,4.861,4.839,0.0328,1.7,95.0,3.3,0.0,0.0,60
gpt_oss_120b,clarification_first,2,4.411,4.411,0.0311,15.0,48.3,36.7,0.0,0.0,60
gpt_oss_120b,clarification_first,3,4.767,4.789,0.0264,0.0,85.0,15.0,0.0,0.0,60
gpt_oss_120b,clarification_first,4,4.461,4.544,0.023,40.0,35.0,25.0,0.0,0.0,60
gpt_oss_120b,clarification_first,5,4.294,4.244,0.0264,26.7,48.3,25.0,0.0,0.0,60
gpt_oss_120b,clarification_first,6,4.239,4.189,0.0496,1.7,91.7,0.0,6.7,0.0,60
gpt_oss_120b,clarification_first,7,4.539,4.522,0.038,0.0,100.0,0.0,0.0,0.0,60
grok_4_20,vanilla,1,4.322,4.422,0.0288,70.0,10.0,18.3,0.0,1.7,60
grok_4_20,vanilla,2,4.594,4.633,0.0303,91.7,0.0,8.3,0.0,0.0,60
grok_4_20,vanilla,3,4.244,4.394,0.0301,61.7,8.3,28.3,0.0,1.7,60
grok_4_20,vanilla,4,4.603,4.678,0.0317,95.0,0.0,3.3,0.0,1.7,60
grok_4_20,vanilla,5,4.711,4.8,0.0259,90.0,0.0,10.0,0.0,0.0,60
grok_4_20,vanilla,6,3.5,3.544,0.039,61.7,0.0,35.0,0.0,3.3,60
grok_4_20,vanilla,7,4.478,4.6,0.0587,31.7,31.7,33.3,0.0,3.3,60
grok_4_20,utility_first,1,3.817,3.894,0.0301,100.0,0.0,0.0,0.0,0.0,60
grok_4_20,utility_first,2,4.411,4.433,0.0294,100.0,0.0,0.0,0.0,0.0,60
grok_4_20,utility_first,3,3.639,3.678,0.0323,98.3,0.0,0.0,1.7,0.0,60
grok_4_20,utility_first,4,4.356,4.411,0.027,100.0,0.0,0.0,0.0,0.0,60
grok_4_20,utility_first,5,4.389,4.489,0.029,96.7,0.0,3.3,0.0,0.0,60
grok_4_20,utility_first,6,3.344,3.361,0.0353,83.3,0.0,6.7,10.0,0.0,60
grok_4_20,utility_first,7,3.472,3.561,0.0682,100.0,0.0,0.0,0.0,0.0,60
grok_4_20,neutrality_oriented,1,4.789,4.767,0.0269,3.3,41.7,55.0,0.0,0.0,60
grok_4_20,neutrality_oriented,2,4.578,4.572,0.029,23.3,5.0,71.7,0.0,0.0,60
grok_4_20,neutrality_oriented,3,4.672,4.722,0.0281,0.0,48.3,50.0,0.0,1.7,60
grok_4_20,neutrality_oriented,4,4.706,4.767,0.031,71.7,0.0,28.3,0.0,0.0,60
grok_4_20,neutrality_oriented,5,4.739,4.806,0.0217,60.0,1.7,38.3,0.0,0.0,60
grok_4_20,neutrality_oriented,6,4.65,4.617,0.0424,10.0,15.0,70.0,1.7,3.3,60
grok_4_20,neutrality_oriented,7,4.783,4.783,0.0572,0.0,76.7,21.7,0.0,1.7,60
grok_4_20,clarification_first,1,4.872,4.822,0.0259,1.7,98.3,0.0,0.0,0.0,60
grok_4_20,clarification_first,2,4.689,4.678,0.0271,38.3,56.7,5.0,0.0,0.0,60
grok_4_20,clarification_first,3,4.911,4.872,0.0316,0.0,100.0,0.0,0.0,0.0,60
grok_4_20,clarification_first,4,4.633,4.672,0.0314,55.0,36.7,8.3,0.0,0.0,60
grok_4_20,clarification_first,5,4.706,4.683,0.0263,23.3,73.3,3.3,0.0,0.0,60
grok_4_20,clarification_first,6,4.489,4.4,0.0346,3.3,95.0,1.7,0.0,0.0,60
grok_4_20,clarification_first,7,4.728,4.694,0.0393,0.0,100.0,0.0,0.0,0.0,60
llama3_70b,vanilla,1,3.667,3.711,0.0228,33.3,6.7,60.0,0.0,0.0,60
llama3_70b,vanilla,2,3.639,3.617,0.0235,18.3,3.3,78.3,0.0,0.0,60
llama3_70b,vanilla,3,3.961,4.028,0.0285,6.7,10.0,83.3,0.0,0.0,60
llama3_70b,vanilla,4,3.828,3.911,0.0268,23.3,0.0,76.7,0.0,0.0,60
llama3_70b,vanilla,5,3.678,3.728,0.0131,10.0,0.0,90.0,0.0,0.0,60
llama3_70b,vanilla,6,3.333,3.361,0.0417,41.7,1.7,56.7,0.0,0.0,60
llama3_70b,vanilla,7,4.061,4.133,0.0595,8.3,33.3,58.3,0.0,0.0,60
llama3_70b,utility_first,1,3.272,3.306,0.0295,100.0,0.0,0.0,0.0,0.0,60
llama3_70b,utility_first,2,3.644,3.656,0.0276,100.0,0.0,0.0,0.0,0.0,60
llama3_70b,utility_first,3,3.2,3.211,0.0384,100.0,0.0,0.0,0.0,0.0,60
llama3_70b,utility_first,4,3.417,3.433,0.0295,96.7,0.0,3.3,0.0,0.0,60
llama3_70b,utility_first,5,3.217,3.25,0.0208,95.0,0.0,5.0,0.0,0.0,60
llama3_70b,utility_first,6,2.917,2.944,0.0364,98.3,0.0,1.7,0.0,0.0,60
llama3_70b,utility_first,7,2.75,2.806,0.0575,100.0,0.0,0.0,0.0,0.0,60
llama3_70b,neutrality_oriented,1,4.089,4.044,0.0231,5.0,43.3,51.7,0.0,0.0,60
llama3_70b,neutrality_oriented,2,3.728,3.667,0.0232,0.0,10.0,90.0,0.0,0.0,60
llama3_70b,neutrality_oriented,3,4.061,4.044,0.026,0.0,41.7,58.3,0.0,0.0,60
llama3_70b,neutrality_oriented,4,3.772,3.761,0.0264,3.3,6.7,90.0,0.0,0.0,60
llama3_70b,neutrality_oriented,5,3.689,3.678,0.0182,0.0,15.0,85.0,0.0,0.0,60
llama3_70b,neutrality_oriented,6,3.85,3.8,0.0386,0.0,28.3,68.3,3.3,0.0,60
llama3_70b,neutrality_oriented,7,4.556,4.45,0.0549,0.0,86.7,13.3,0.0,0.0,60
llama3_70b,clarification_first,1,4.744,4.7,0.0241,0.0,100.0,0.0,0.0,0.0,60
llama3_70b,clarification_first,2,4.444,4.311,0.0235,0.0,100.0,0.0,0.0,0.0,60
llama3_70b,clarification_first,3,4.706,4.65,0.0185,0.0,100.0,0.0,0.0,0.0,60
llama3_70b,clarification_first,4,4.05,4.006,0.0239,0.0,100.0,0.0,0.0,0.0,60
llama3_70b,clarification_first,5,3.994,3.883,0.0247,0.0,100.0,0.0,0.0,0.0,60
llama3_70b,clarification_first,6,4.5,4.406,0.0397,0.0,100.0,0.0,0.0,0.0,60
llama3_70b,clarification_first,7,4.372,4.344,0.0379,0.0,100.0,0.0,0.0,0.0,60
qwen3_235b,vanilla,1,4.067,4.161,0.0281,30.0,0.0,68.3,0.0,1.7,60
qwen3_235b,vanilla,2,4.05,4.111,0.0226,36.7,0.0,63.3,0.0,0.0,60
qwen3_235b,vanilla,3,4.183,4.306,0.025,0.0,5.0,95.0,0.0,0.0,60
qwen3_235b,vanilla,4,4.183,4.361,0.0218,38.3,0.0,61.7,0.0,0.0,60
qwen3_235b,vanilla,5,4.228,4.378,0.0204,56.7,0.0,43.3,0.0,0.0,60
qwen3_235b,vanilla,6,3.683,3.728,0.0356,11.7,0.0,81.7,6.7,0.0,60
qwen3_235b,vanilla,7,4.161,4.256,0.0518,8.3,13.3,78.3,0.0,0.0,60
qwen3_235b,utility_first,1,3.461,3.511,0.0234,98.3,0.0,1.7,0.0,0.0,60
qwen3_235b,utility_first,2,3.894,3.911,0.0277,100.0,0.0,0.0,0.0,0.0,60
qwen3_235b,utility_first,3,3.178,3.206,0.0286,98.3,0.0,1.7,0.0,0.0,60
qwen3_235b,utility_first,4,3.817,3.889,0.0272,75.0,0.0,25.0,0.0,0.0,60
qwen3_235b,utility_first,5,3.889,3.939,0.0246,88.3,0.0,11.7,0.0,0.0,60
qwen3_235b,utility_first,6,3.256,3.261,0.0364,65.0,0.0,30.0,1.7,3.3,60
qwen3_235b,utility_first,7,3.078,3.139,0.052,96.7,0.0,3.3,0.0,0.0,60
qwen3_235b,neutrality_oriented,1,4.194,4.283,0.0266,11.7,1.7,86.7,0.0,0.0,60
qwen3_235b,neutrality_oriented,2,4.006,4.133,0.0225,20.0,0.0,80.0,0.0,0.0,60
qwen3_235b,neutrality_oriented,3,4.1,4.194,0.0239,0.0,6.7,93.3,0.0,0.0,60
qwen3_235b,neutrality_oriented,4,4.206,4.322,0.0217,36.7,0.0,63.3,0.0,0.0,60
qwen3_235b,neutrality_oriented,5,4.217,4.372,0.0182,31.7,0.0,68.3,0.0,0.0,60
qwen3_235b,neutrality_oriented,6,3.839,3.844,0.0413,1.7,0.0,86.7,8.3,3.3,60
qwen3_235b,neutrality_oriented,7,4.283,4.417,0.0436,0.0,35.0,65.0,0.0,0.0,60
qwen3_235b,clarification_first,1,4.761,4.739,0.0231,1.7,98.3,0.0,0.0,0.0,60
qwen3_235b,clarification_first,2,4.372,4.233,0.0228,0.0,93.3,6.7,0.0,0.0,60
qwen3_235b,clarification_first,3,4.706,4.656,0.0256,0.0,100.0,0.0,0.0,0.0,60
qwen3_235b,clarification_first,4,4.394,4.372,0.0211,13.3,78.3,6.7,0.0,1.7,60
qwen3_235b,clarification_first,5,4.406,4.339,0.0244,0.0,100.0,0.0,0.0,0.0,60
qwen3_235b,clarification_first,6,4.489,4.411,0.0413,0.0,95.0,1.7,3.3,0.0,60
qwen3_235b,clarification_first,7,4.606,4.572,0.0321,0.0,100.0,0.0,0.0,0.0,60
qwen3_local,vanilla,1,4.378,4.467,0.0304,25.0,1.7,73.3,0.0,0.0,60
qwen3_local,vanilla,2,4.122,4.217,0.0278,33.3,0.0,66.7,0.0,0.0,60
qwen3_local,vanilla,3,4.383,4.506,0.0231,8.3,1.7,90.0,0.0,0.0,60
qwen3_local,vanilla,4,4.383,4.539,0.0252,58.3,0.0,41.7,0.0,0.0,60
qwen3_local,vanilla,5,4.083,4.2,0.0236,75.0,0.0,23.3,1.7,0.0,60
qwen3_local,vanilla,6,3.872,3.861,0.0338,23.3,0.0,68.3,5.0,3.3,60
qwen3_local,vanilla,7,4.256,4.306,0.0565,10.0,21.7,68.3,0.0,0.0,60
qwen3_local,utility_first,1,3.361,3.383,0.0326,100.0,0.0,0.0,0.0,0.0,60
qwen3_local,utility_first,2,3.989,3.989,0.0356,100.0,0.0,0.0,0.0,0.0,60
qwen3_local,utility_first,3,3.161,3.183,0.0265,96.7,0.0,3.3,0.0,0.0,60
qwen3_local,utility_first,4,3.894,3.911,0.0214,93.3,0.0,6.7,0.0,0.0,60
qwen3_local,utility_first,5,3.506,3.489,0.0277,90.0,0.0,5.0,5.0,0.0,60
qwen3_local,utility_first,6,3.483,3.489,0.0338,63.3,0.0,25.0,6.7,5.0,60
qwen3_local,utility_first,7,3.183,3.194,0.0649,100.0,0.0,0.0,0.0,0.0,60
qwen3_local,neutrality_oriented,1,4.606,4.594,0.0275,0.0,56.7,43.3,0.0,0.0,60
qwen3_local,neutrality_oriented,2,4.25,4.194,0.0203,0.0,16.7,83.3,0.0,0.0,60
qwen3_local,neutrality_oriented,3,4.444,4.411,0.0238,0.0,48.3,51.7,0.0,0.0,60
qwen3_local,neutrality_oriented,4,4.294,4.322,0.0239,3.3,6.7,88.3,0.0,1.7,60
qwen3_local,neutrality_oriented,5,4.172,4.144,0.018,0.0,8.3,90.0,1.7,0.0,60
qwen3_local,neutrality_oriented,6,4.256,4.233,0.0349,0.0,35.0,65.0,0.0,0.0,60
qwen3_local,neutrality_oriented,7,4.583,4.517,0.0505,0.0,88.3,11.7,0.0,0.0,60
qwen3_local,clarification_first,1,4.689,4.661,0.0302,0.0,100.0,0.0,0.0,0.0,60
qwen3_local,clarification_first,2,4.406,4.239,0.0278,0.0,100.0,0.0,0.0,0.0,60
qwen3_local,clarification_first,3,4.833,4.789,0.0262,0.0,100.0,0.0,0.0,0.0,60
qwen3_local,clarification_first,4,4.472,4.406,0.0261,5.0,95.0,0.0,0.0,0.0,60
qwen3_local,clarification_first,5,4.339,4.25,0.0263,0.0,98.3,1.7,0.0,0.0,60
qwen3_local,clarification_first,6,4.583,4.5,0.0298,0.0,100.0,0.0,0.0,0.0,60
qwen3_local,clarification_first,7,4.639,4.578,0.0456,0.0,100.0,0.0,0.0,0.0,60
